*Index;class=datatable,File Name ;width=150,File Date;width=150
1,$Files.FileName_01;BackColor=000000;ForeColor=16777215,$Files.FileDate_01;Rights=8;BackColor=000000;ForeColor=16777215;
2,$Files.FileName_02;BackColor=000000;ForeColor=16777215,$Files.FileDate_02;Rights=8;BackColor=000000;ForeColor=16777215;
3,$Files.FileName_03;BackColor=000000;ForeColor=16777215,$Files.FileDate_03;Rights=8;BackColor=000000;ForeColor=16777215;
4,$Files.FileName_04;BackColor=000000;ForeColor=16777215,$Files.FileDate_04;Rights=8;BackColor=000000;ForeColor=16777215;
5,$Files.FileName_05;BackColor=000000;ForeColor=16777215,$Files.FileDate_05;Rights=8;BackColor=000000;ForeColor=16777215;
6,$Files.FileName_06;BackColor=000000;ForeColor=16777215,$Files.FileDate_06;Rights=8;BackColor=000000;ForeColor=16777215;
7,$Files.FileName_07;BackColor=000000;ForeColor=16777215,$Files.FileDate_07;Rights=8;BackColor=000000;ForeColor=16777215;
8,$Files.FileName_08;BackColor=000000;ForeColor=16777215,$Files.FileDate_08;Rights=8;BackColor=000000;ForeColor=16777215;
9,$Files.FileName_09;BackColor=000000;ForeColor=16777215,$Files.FileDate_09;Rights=8;BackColor=000000;ForeColor=16777215;
10,$Files.FileName_10;BackColor=000000;ForeColor=16777215,$Files.FileDate_10;Rights=8;BackColor=000000;ForeColor=16777215;
11,$Files.FileName_11;BackColor=000000;ForeColor=16777215,$Files.FileDate_11;Rights=8;BackColor=000000;ForeColor=16777215;
12,$Files.FileName_12;BackColor=000000;ForeColor=16777215,$Files.FileDate_12;Rights=8;BackColor=000000;ForeColor=16777215;
13,$Files.FileName_13;BackColor=000000;ForeColor=16777215,$Files.FileDate_13;Rights=8;BackColor=000000;ForeColor=16777215;
14,$Files.FileName_14;BackColor=000000;ForeColor=16777215,$Files.FileDate_14;Rights=8;BackColor=000000;ForeColor=16777215;
15,$Files.FileName_15;BackColor=000000;ForeColor=16777215,$Files.FileDate_15;Rights=8;BackColor=000000;ForeColor=16777215;
16,$Files.FileName_16;BackColor=000000;ForeColor=16777215,$Files.FileDate_16;Rights=8;BackColor=000000;ForeColor=16777215;
17,$Files.FileName_17;BackColor=000000;ForeColor=16777215,$Files.FileDate_17;Rights=8;BackColor=000000;ForeColor=16777215;
18,$Files.FileName_18;BackColor=000000;ForeColor=16777215,$Files.FileDate_18;Rights=8;BackColor=000000;ForeColor=16777215;
19,$Files.FileName_19;BackColor=000000;ForeColor=16777215,$Files.FileDate_19;Rights=8;BackColor=000000;ForeColor=16777215;
20,$Files.FileName_20;BackColor=000000;ForeColor=16777215,$Files.FileDate_20;Rights=8;BackColor=000000;ForeColor=16777215;